datetime,open,high,low,close,volume
2026-07-12T20:00:00+00:00,29875.210000000003,30539.000000000004,29875.210000000003,30452.370000000003,66506
2026-07-13T00:00:00+00:00,30452.370000000003,30601.750000000004,30242.500000000004,30248.250000000004,357074
2026-07-13T04:00:00+00:00,30248.250000000004,30253.250000000004,30103.320000000003,30213.370000000003,265573
2026-07-13T08:00:00+00:00,30213.370000000003,30359.370000000003,30207.120000000003,30300.750000000004,183774
2026-07-13T12:00:00+00:00,30300.750000000004,30317.870000000003,30049.150000000005,30171.770000000004,1119167
2026-07-13T16:00:00+00:00,30171.770000000004,30198.900000000005,29953.820000000003,30026.770000000004,748357
2026-07-13T20:00:00+00:00,30026.770000000004,30045.090000000004,29893.220000000005,29986.840000000004,112203
2026-07-14T00:00:00+00:00,29986.840000000004,30106.590000000004,29869.220000000005,29990.340000000004,488758
2026-07-14T04:00:00+00:00,29990.340000000004,30214.840000000004,29937.470000000005,30139.090000000004,276977
2026-07-14T08:00:00+00:00,30139.090000000004,30235.970000000005,30113.470000000005,30198.840000000004,292028
2026-07-14T12:00:00+00:00,30198.840000000004,30486.720000000005,30133.620000000003,30351.870000000003,1204933
2026-07-14T16:00:00+00:00,30351.870000000003,30443.620000000003,30270.620000000003,30353.24,502865
2026-07-14T20:00:00+00:00,30353.24,30468.700000000004,30314.650000000005,30457.08,82754
2026-07-15T00:00:00+00:00,30457.08,30587.83,30406.400000000005,30581.33,218523
2026-07-15T04:00:00+00:00,30581.33,30631.33,30497.450000000004,30565.33,184765
2026-07-15T08:00:00+00:00,30565.33,30567.700000000004,30440.700000000004,30481.200000000004,193838
2026-07-15T12:00:00+00:00,30481.200000000004,30568.08,30095.900000000005,30150.350000000002,1151202
2026-07-15T16:00:00+00:00,30150.350000000002,30312.280000000006,29966.230000000003,30270.280000000006,720117.376721634
2026-07-15T20:00:00+00:00,30270.280000000006,30322.250000000007,30230.08000000001,30264.750000000007,76435
2026-07-16T00:00:00+00:00,30264.750000000007,30336.250000000007,30168.380000000005,30317.380000000005,242917
2026-07-16T04:00:00+00:00,30317.380000000005,30369.880000000005,30122.250000000007,30136.500000000007,187476
2026-07-16T08:00:00+00:00,30136.500000000007,30218.380000000005,29934.950000000004,30020.500000000007,197056
2026-07-16T12:00:00+00:00,30020.500000000007,30103.030000000006,29834.150000000005,29965.530000000006,1043204
2026-07-16T16:00:00+00:00,29965.530000000006,29969.150000000005,29653.530000000006,29790.900000000005,796001
2026-07-16T20:00:00+00:00,29790.900000000005,29803.200000000004,29640.510000000006,29675.010000000006,105070
2026-07-17T00:00:00+00:00,29675.010000000006,29704.010000000006,29482.710000000006,29491.260000000006,248870
2026-07-17T04:00:00+00:00,29491.260000000006,29492.010000000006,29263.260000000006,29266.510000000006,271996
2026-07-17T08:00:00+00:00,29266.510000000006,29404.510000000006,29136.760000000006,29320.010000000006,281284
2026-07-17T12:00:00+00:00,29320.010000000006,29528.290000000005,28988.540000000005,29513.410000000007,1279014
2026-07-17T16:00:00+00:00,29513.410000000007,29626.040000000005,29299.040000000005,29344.410000000007,941776
2026-07-17T20:00:00+00:00,29344.410000000007,29344.640000000007,28581.79,28610.36,52735
2026-07-19T20:00:00+00:00,28610.36,28742.91,28577.54,28736.04,88827
2026-07-20T00:00:00+00:00,28736.04,28830.04,28630.41,28764.29,411386
2026-07-20T04:00:00+00:00,28764.29,28808.91,28633.16,28776.41,293598
2026-07-20T08:00:00+00:00,28776.41,28975.29,28722.54,28939.91,245401
2026-07-20T12:00:00+00:00,28939.91,29058.81,28740.69,28918.56,1054586
2026-07-20T16:00:00+00:00,28918.56,28985.94,28635.69,28651.19,718498
2026-07-20T20:00:00+00:00,28651.19,28697.17,28571.12,28649.17,92515
2026-07-21T00:00:00+00:00,28649.17,28946.92,28576.17,28941.55,278291
2026-07-21T04:00:00+00:00,28941.55,29029.42,28886.42,28987.67,162442
2026-07-21T08:00:00+00:00,28987.67,29072.17,28973.87,29022.42,152588
2026-07-21T12:00:00+00:00,29022.42,29189.32,28934.95,29129.45,856742
2026-07-21T16:00:00+00:00,29129.45,29232.32,29124.45,29182.2,347158
2026-07-21T20:00:00+00:00,29182.2,29185.55,29120.98,29165.85,79317
2026-07-22T00:00:00+00:00,29165.85,29204.23,29058.35,29067.35,252222
2026-07-22T04:00:00+00:00,29067.35,29106.35,28894.48,28924.48,226979
2026-07-22T08:00:00+00:00,28924.48,29040.98,28886.1,28922.48,232023
2026-07-22T12:00:00+00:00,28922.48,29210.13,28830.55,29198,805828
2026-07-22T16:00:00+00:00,29198,29203,29027.13,29027.13,402540
2026-07-22T20:00:00+00:00,29027.13,29126.98,28898.68,29013.43,130118
2026-07-23T00:00:00+00:00,29013.43,29152.31,28901.31,28982.31,262718
2026-07-23T04:00:00+00:00,28982.31,29053.56,28792.93,28858.06,255019
2026-07-23T08:00:00+00:00,28858.06,29007.68,28784.43,28835.56,252044
2026-07-23T12:00:00+00:00,28835.56,28837.31,28303.96,28459.079999999998,1357478
2026-07-23T16:00:00+00:00,28459.079999999998,28608.96,28357.46,28482.46,853183
2026-07-23T20:00:00+00:00,28482.46,28651.93,28482.46,28554.86,131568
2026-07-24T00:00:00+00:00,28554.86,28599.61,28356.73,28360.73,367906
2026-07-24T04:00:00+00:00,28360.73,28538.48,28342.36,28490.61,249087
2026-07-24T08:00:00+00:00,28490.61,28580.11,28432.36,28554.23,224758
2026-07-24T12:00:00+00:00,28554.23,28570.48,28130.51,28452.13,1274198
2026-07-24T16:00:00+00:00,28452.13,28506.13,28088.76,28161.51,808440
2026-07-24T20:00:00+00:00,28161.51,28190.66,28135.18,28168.24,40969
2026-07-26T20:00:00+00:00,28168.24,28603.260000000002,28168.24,28600.630000000005,66823
2026-07-27T00:00:00+00:00,28600.630000000005,28602.760000000002,28399.330000000005,28485.880000000005,253522
2026-07-27T04:00:00+00:00,28485.880000000005,28604.010000000002,28470.260000000002,28534.130000000005,221178
2026-07-27T08:00:00+00:00,28534.130000000005,28634.510000000002,28520.760000000002,28545.260000000002,190575
2026-07-27T12:00:00+00:00,28545.260000000002,28571.510000000002,27812.530000000002,27935.030000000002,1366074
2026-07-27T16:00:00+00:00,27935.030000000002,28126.910000000003,27860.030000000002,28065.160000000003,897053
2026-07-27T20:00:00+00:00,28065.160000000003,28103.130000000005,27980.230000000003,28037.480000000003,113962
2026-07-28T00:00:00+00:00,28037.480000000003,28068.860000000004,27807.610000000004,27923.110000000004,464034
2026-07-28T04:00:00+00:00,27923.110000000004,27923.110000000004,27714.230000000003,27807.730000000003,323455
2026-07-28T08:00:00+00:00,27807.730000000003,27925.360000000004,27724.360000000004,27837.610000000004,335140
2026-07-28T12:00:00+00:00,27837.610000000004,27936.630000000005,27479.880000000005,27922.260000000002,1278130
2026-07-28T16:00:00+00:00,27922.260000000002,27953.510000000002,27788.260000000002,27796.380000000005,705022
2026-07-28T20:00:00+00:00,27796.380000000005,27983.950000000004,27614.770000000004,27982.070000000003,170292
2026-07-29T00:00:00+00:00,27982.070000000003,28053.520000000004,27582.320000000003,27596.950000000004,446412
2026-07-29T04:00:00+00:00,27596.950000000004,27841.450000000004,27521.070000000003,27786.950000000004,365840
2026-07-29T08:00:00+00:00,27786.950000000004,27940.200000000004,27699.950000000004,27883.320000000003,258089
2026-07-29T12:00:00+00:00,27883.320000000003,27887.070000000003,27346.470000000005,27398.350000000002,1322258
2026-07-29T16:00:00+00:00,27398.350000000002,27979.220000000005,27200.220000000005,27212.770000000004,1418842
2026-07-29T20:00:00+00:00,27212.770000000004,27448.440000000002,27087.950000000004,27411.940000000002,213522
2026-07-30T00:00:00+00:00,27411.940000000002,27585.940000000002,27361.570000000003,27420.690000000002,558989
2026-07-30T04:00:00+00:00,27420.690000000002,27435.690000000002,27243.570000000003,27283.890000000003,430052
2026-07-30T08:00:00+00:00,27283.890000000003,27627.570000000003,27227.940000000002,27607.320000000003,305124
2026-07-30T12:00:00+00:00,27607.320000000003,28127.840000000004,27578.820000000003,27962.340000000004,1365226
2026-07-30T16:00:00+00:00,27962.340000000004,28180.340000000004,27940.720000000005,28106.970000000005,675064
2026-07-30T20:00:00+00:00,28106.970000000005,28324.440000000002,28088.890000000003,28302.310000000005,163657
2026-07-31T00:00:00+00:00,28302.310000000005,28450.810000000005,28269.060000000005,28337.310000000005,300224
2026-07-31T04:00:00+00:00,28337.310000000005,28490.190000000002,28302.310000000005,28452.810000000005,225364
2026-07-31T08:00:00+00:00,28452.810000000005,28519.560000000005,28399.010000000002,28432.940000000002,274202
2026-07-31T12:00:00+00:00,28432.940000000002,28604.840000000004,27960.210000000003,28153.590000000004,1495876
2026-07-31T16:00:00+00:00,28153.590000000004,28402.840000000004,28125.590000000004,28282.340000000004,775321
2026-07-31T20:00:00+00:00,28282.340000000004,28312.060000000005,28220.560000000005,28267.390000000003,51854
2026-08-02T20:00:00+00:00,28267.390000000003,28534.77,28267.390000000003,28507.39,77485
2026-08-03T00:00:00+00:00,28507.39,28591.52,28432.14,28563.89,272491
2026-08-03T04:00:00+00:00,28563.89,28582.14,28452.39,28480.89,157769
2026-08-03T08:00:00+00:00,28480.89,28493.27,28297.64,28314.64,232423
2026-08-03T12:00:00+00:00,28314.64,28706.17,28208.67,28686.29,926539
2026-08-03T16:00:00+00:00,28686.29,28857.54,28684.29,28794.79,413864
2026-08-03T20:00:00+00:00,28794.79,28865.8,28772.64,28865.42,55329
2026-08-04T00:00:00+00:00,28865.42,28942.17,28726.17,28890.05,308583
2026-08-04T04:00:00+00:00,28890.05,29012.17,28862.8,28965.92,222488
2026-08-04T08:00:00+00:00,28965.92,29139.67,28902.05,29131.67,287285
2026-08-04T12:00:00+00:00,29131.67,29591.32,29082.8,29566.2,756672
2026-08-04T16:00:00+00:00,29566.2,29851.07,29556.57,29767.07,517319
2026-08-04T20:00:00+00:00,29767.07,29843.05,29656.37,29728.03,165788
2026-08-05T00:00:00+00:00,29728.03,29786.16,29691.03,29782.03,235252
2026-08-05T04:00:00+00:00,29782.03,29882.41,29752.28,29795.91,169363
2026-08-05T08:00:00+00:00,29795.91,29835.66,29691.28,29812.03,234103
2026-08-05T12:00:00+00:00,29812.03,29964.68,29608.43,29631.43,1278123
2026-08-05T16:00:00+00:00,29631.43,29732.31,29486.68,29500.56,688997
2026-08-05T20:00:00+00:00,29500.56,29574.94,29424.23,29480.44,123530
2026-08-06T00:00:00+00:00,29480.44,29517.44,29351.56,29477.94,337920
2026-08-06T04:00:00+00:00,29477.94,29497.06,29382.44,29403.44,263752
2026-08-06T08:00:00+00:00,29403.44,29430.56,29262.19,29363.44,271531
2026-08-06T12:00:00+00:00,29363.44,29583.21,29138.96,29412.34,1248282
2026-08-06T16:00:00+00:00,29412.34,29472.59,29346.84,29394.71,754565
2026-08-06T20:00:00+00:00,29394.71,29502.01,29378.06,29494.88,93900
2026-08-07T00:00:00+00:00,29494.88,29518.88,29376.38,29388.38,319088
2026-08-07T04:00:00+00:00,29388.38,29492.51,29356.26,29483.88,189306
2026-08-07T08:00:00+00:00,29483.88,29569.63,29483.51,29514.51,170193
2026-08-07T12:00:00+00:00,29514.51,29767.13,29465.16,29714.28,1240744
2026-08-07T16:00:00+00:00,29714.28,29761.399999999998,29572.41,29736.149999999998,577163
2026-08-07T20:00:00+00:00,29736.149999999998,29751.379999999997,29702.88,29714.710000000003,26583
2026-08-09T20:00:00+00:00,29714.710000000003,29801.18,29711.13,29735.18,70537
2026-08-10T00:00:00+00:00,29735.18,29811.31,29694.63,29783.68,255707
2026-08-10T04:00:00+00:00,29783.68,29889.56,29770.31,29858.56,152583
2026-08-10T08:00:00+00:00,29858.56,29889.06,29751.31,29776.93,193160
2026-08-10T12:00:00+00:00,29776.93,29805.710000000003,29624.83,29749.960000000003,947803
2026-08-10T16:00:00+00:00,29749.960000000003,29764.58,29628.460000000003,29649.960000000003,444258
2026-08-10T20:00:00+00:00,29649.960000000003,29697.07,29586.57,29612.07,69482
2026-08-11T00:00:00+00:00,29612.07,29756.2,29575.2,29740.82,206328
2026-08-11T04:00:00+00:00,29740.82,29770.45,29637.2,29683.32,181590
2026-08-11T08:00:00+00:00,29683.32,29795.57,29626.7,29740.95,226742
2026-08-11T12:00:00+00:00,29740.95,29780.07,29541.27,29572.22,845458
2026-08-11T16:00:00+00:00,29572.22,29590.850000000002,29442.600000000002,29544.600000000002,434957
2026-08-11T20:00:00+00:00,29544.600000000002,29585.7,29523.7,29574.11,68374
2026-08-12T00:00:00+00:00,29574.11,29621.86,29536.980000000003,29606.730000000003,215432
2026-08-12T04:00:00+00:00,29606.730000000003,29666.480000000003,29580.480000000003,29662.980000000003,131770
2026-08-12T08:00:00+00:00,29662.980000000003,29760.730000000003,29659.730000000003,29757.61,179316
2026-08-12T12:00:00+00:00,29757.61,29913.63,29662.93,29744.510000000002,979464
2026-08-12T16:00:00+00:00,29744.510000000002,29844.13,29738.13,29764.75,338904.0973239677
2026-08-12T20:00:00+00:00,29764.75,29817.850000000002,29692.8,29718.9,79031
2026-08-13T00:00:00+00:00,29718.9,29793.78,29710.53,29792.53,163571
2026-08-13T04:00:00+00:00,29792.53,29837.4,29759.15,29774.15,130238
2026-08-13T08:00:00+00:00,29774.15,29808.65,29734.9,29782.53,147739
2026-08-13T12:00:00+00:00,29782.53,30181.3,29726.600000000002,30029.3,737880
2026-08-13T16:00:00+00:00,30029.3,30187.05,30028.55,30108.55,359803
2026-08-13T20:00:00+00:00,30108.55,30140.59,30058.600000000002,30117.59,65140
2026-08-14T00:00:00+00:00,30117.59,30146.34,30038.84,30067.09,151396
2026-08-14T04:00:00+00:00,30067.09,30117.96,30042.46,30108.71,106921
2026-08-14T08:00:00+00:00,30108.71,30182.59,30101.84,30178.84,131571
2026-08-14T12:00:00+00:00,30178.84,30197.59,29943.99,29981.11,725785
2026-08-14T16:00:00+00:00,29981.11,30063.010000000002,29962.99,30059.63,307373.6924131297
2026-08-14T20:00:00+00:00,30059.63,30067.48,30041.84,30056.79,18356
2026-08-16T20:00:00+00:00,30056.79,30150.95,30056.79,30138.58,30757
2026-08-17T00:00:00+00:00,30138.58,30169.95,30109.33,30169.83,113706
2026-08-17T04:00:00+00:00,30169.83,30254.95,30154.08,30236.08,92366
2026-08-17T08:00:00+00:00,30236.08,30262.95,30191.08,30209.83,164889
2026-08-17T12:00:00+00:00,30209.83,30212.08,30079.4,30163.350000000002,649366
2026-08-17T16:00:00+00:00,30163.350000000002,30167.350000000002,29990.600000000002,30014.600000000002,345419
2026-08-17T20:00:00+00:00,30014.600000000002,30027.15,29978.45,30020.780000000002,64561
2026-08-18T00:00:00+00:00,30020.780000000002,30047.280000000002,29779.280000000002,29819.4,211666
2026-08-18T04:00:00+00:00,29819.4,29853.15,29712.030000000002,29736.65,181113
2026-08-18T08:00:00+00:00,29736.65,29740.280000000002,29613.530000000002,29673.9,232495
2026-08-18T12:00:00+00:00,29673.9,29711.65,29440.550000000003,29563.050000000003,931595
2026-08-18T16:00:00+00:00,29563.050000000003,29597.550000000003,29473.68,29513.050000000003,400123
2026-08-18T20:00:00+00:00,29513.050000000003,29523.5,29445.63,29458.5,82895
2026-08-19T00:00:00+00:00,29458.5,29540,29369.45,29456.25,283236
2026-08-19T04:00:00+00:00,29456.25,29537,29361,29531.13,230515
2026-08-19T08:00:00+00:00,29531.13,29571.38,29437.38,29466.13,226590
2026-08-19T12:00:00+00:00,29466.13,29687.75,29307.030000000002,29538.030000000002,1218665
2026-08-19T16:00:00+00:00,29538.030000000002,29598.15,29416.160000000003,29452.280000000002,514011
2026-08-19T20:00:00+00:00,29452.280000000002,29617.32,29444.760000000002,29559,81390
2026-08-20T00:00:00+00:00,29559,29613.5,29512,29547.620000000003,294065
2026-08-20T04:00:00+00:00,29547.620000000003,29615.75,29518,29523.870000000003,210122
2026-08-20T08:00:00+00:00,29523.870000000003,29534.370000000003,29279,29290.370000000003,321610
2026-08-20T12:00:00+00:00,29290.370000000003,29399.65,29171.5,29260.02,1279693
2026-08-20T16:00:00+00:00,29260.02,29318.65,29133.02,29233.77,501577
2026-08-20T20:00:00+00:00,29233.77,29274.190000000002,29193.870000000003,29223.32,83455
2026-08-21T00:00:00+00:00,29223.32,29328.82,29221.07,29282.32,248002
2026-08-21T04:00:00+00:00,29282.32,29385.440000000002,29251.07,29376.190000000002,165392
2026-08-21T08:00:00+00:00,29376.190000000002,29467.57,29320.940000000002,29429.82,204006
2026-08-21T12:00:00+00:00,29429.82,29461.690000000002,29150.97,29374.47,839560
2026-08-21T16:00:00+00:00,29374.47,29382.09,29284.34,29325.59,369609
2026-08-21T20:00:00+00:00,29325.59,29326.690000000002,29297.69,29315.140000000003,21432
2026-08-23T20:00:00+00:00,29315.140000000003,29418.300000000003,29239,29405.300000000003,64150
2026-08-24T00:00:00+00:00,29405.300000000003,29410.050000000003,29203.750000000004,29209.680000000004,370807
2026-08-24T04:00:00+00:00,29209.680000000004,29241.300000000003,29063.680000000004,29083.930000000004,264891
2026-08-24T08:00:00+00:00,29083.930000000004,29220.680000000004,29055.050000000003,29185.180000000004,264443
2026-08-24T12:00:00+00:00,29185.180000000004,29185.180000000004,28886.830000000005,29107.200000000004,875432
2026-08-24T16:00:00+00:00,29107.200000000004,29171.450000000004,29035.200000000004,29037.950000000004,416713
2026-08-24T20:00:00+00:00,29037.950000000004,29090.470000000005,29014.270000000004,29037.650000000005,74162
2026-08-25T00:00:00+00:00,29037.650000000005,29131.400000000005,28959.270000000004,29106.150000000005,413998
2026-08-25T04:00:00+00:00,29106.150000000005,29231.650000000005,29101.020000000004,29174.400000000005,256864
2026-08-25T08:00:00+00:00,29174.400000000005,29358.020000000004,29154.520000000004,29316.520000000004,316046
2026-08-25T12:00:00+00:00,29316.520000000004,29351.16,29095.960000000003,29199.66,957137
2026-08-25T16:00:00+00:00,29199.66,29236.16,29139.66,29213.29,359701
2026-08-25T20:00:00+00:00,29213.29,29254.890000000003,29151.530000000006,29155.400000000005,71932
2026-08-26T00:00:00+00:00,29155.400000000005,29219.150000000005,29040.780000000006,29209.150000000005,220656
2026-08-26T04:00:00+00:00,29209.150000000005,29225.280000000006,29131.030000000006,29156.900000000005,186215
2026-08-26T08:00:00+00:00,29156.900000000005,29222.280000000006,29131.280000000006,29163.400000000005,193479
2026-08-26T12:00:00+00:00,29163.400000000005,29277.050000000007,29078.530000000006,29162.180000000004,786695
2026-08-26T16:00:00+00:00,29162.180000000004,29313.930000000008,29116.680000000008,29247.680000000008,326332
2026-08-26T20:00:00+00:00,29247.680000000008,29601.81000000001,29232.15000000001,29596.180000000008,143096
2026-08-27T00:00:00+00:00,29596.180000000008,29601.930000000008,29381.56000000001,29486.18000000001,267002
2026-08-27T04:00:00+00:00,29486.18000000001,29498.93000000001,29350.43000000001,29486.060000000012,208147
2026-08-27T08:00:00+00:00,29486.060000000012,29608.18000000001,29462.93000000001,29505.93000000001,277679
2026-08-27T12:00:00+00:00,29505.93000000001,29591.330000000013,29373.210000000014,29555.080000000013,1057885
2026-08-27T16:00:00+00:00,29555.080000000013,29652.830000000013,29476.210000000014,29648.710000000014,455505
2026-08-27T20:00:00+00:00,29648.710000000014,29655.810000000012,29541.640000000014,29550.890000000014,74679
2026-08-28T00:00:00+00:00,29550.890000000014,29655.260000000013,29544.010000000013,29617.510000000013,202158
2026-08-28T04:00:00+00:00,29617.510000000013,29620.140000000014,29543.010000000013,29556.140000000014,173170
2026-08-28T08:00:00+00:00,29556.140000000014,29588.640000000014,29527.760000000013,29551.760000000013,183665
2026-08-28T12:00:00+00:00,29551.760000000013,29760.29000000001,29455.91000000001,29502.79000000001,1128518
2026-08-28T16:00:00+00:00,29502.79000000001,29540.54000000001,29388.79000000001,29446.04000000001,855058
2026-08-28T20:00:00+00:00,29446.04000000001,29456.390000000014,29427.510000000013,29455.72,29058
2026-08-30T20:00:00+00:00,29455.72,29500.260000000002,29246.56,29246.81,86943
2026-08-31T00:00:00+00:00,29246.81,29355.440000000002,29230.81,29308.81,298196
2026-08-31T04:00:00+00:00,29308.81,29485.190000000002,29291.31,29465.81,164810
2026-08-31T08:00:00+00:00,29465.81,29492.190000000002,29382.81,29386.56,162618
2026-08-31T12:00:00+00:00,29386.56,29474.09,29312.960000000003,29346.34,859331
2026-08-31T16:00:00+00:00,29346.34,29495.710000000003,29320.84,29463.59,414537
2026-08-31T20:00:00+00:00,29463.59,29484.190000000002,29446.24,29460.24,61215
2026-09-01T00:00:00+00:00,29460.24,29480.61,29395.24,29445.99,199793
2026-09-01T04:00:00+00:00,29445.99,29530.36,29389.81,29395.36,185966
2026-09-01T08:00:00+00:00,29395.36,29408.36,29126.86,29131.11,285073
2026-09-01T12:00:00+00:00,29131.11,29276.260000000002,29000.010000000002,29255.510000000002,743205
2026-09-01T16:00:00+00:00,29255.510000000002,29260.010000000002,28962.260000000002,29084.890000000003,526188
2026-09-01T20:00:00+00:00,29084.890000000003,29118.360000000004,29065.300000000003,29097.050000000003,68449
2026-09-02T00:00:00+00:00,29097.05,29132.8,29010.92,29038.300000000003,159739
